repo_url,owner,repo_name,full_name,description,homepage,language,stars,watchers,forks_count,open_issues,size_kb,default_branch,is_fork,is_archived,is_template,has_wiki,has_pages,has_discussions,license,created_at,updated_at,pushed_at,topics,network_count,parent_repo,source_repo,contributor_count,total_commits,commits_last_year,owner_commits_year,recent_weekly_commit_avg,languages_count,primary_language_pct,total_code_bytes,languages_detail,release_count,latest_release_date,has_releases,branch_count,tag_count,dependency_count,dev_dependency_count,dep_files_found,dep_ecosystems,dep_ecosystem_count,total_files,total_dirs,tree_depth,has_ci_cd,has_dockerfile,has_docs,has_tests,has_examples,has_benchmarks,readme_size,src_file_count,test_file_count,config_file_count,desc_fork_wrapper_signals,desc_originality_signals,desc_length,health_percentage,has_code_of_conduct,has_contributing,has_issue_template,has_pull_request_template,age_days,days_since_push,fork_to_star_ratio,deps_per_src_file,deps_per_1k_loc,src_to_total_file_ratio,commits_per_contributor,stars_per_contributor,code_bytes_per_dep,commits_per_age_day
https://github.com/ethpandaops/checkpointz,ethpandaops,checkpointz,ethpandaops/checkpointz,An Ethereum beacon chain checkpoint sync provider,,Go,160,5,39,64,8788,master,False,False,False,True,False,False,GPL-3.0,2022-07-25T02:21:34Z,2025-12-26T04:59:24Z,2026-03-09T03:11:09Z,ethereum,39,,,12,359,18,0,0.0,7,56.5,230647,"{""Go"": 130422, ""TypeScript"": 97308, ""JavaScript"": 1146, ""Dockerfile"": 783, ""HTML"": 617, ""CSS"": 265, ""Makefile"": 106}",100,2026-03-06T04:13:33Z,True,66,100,76,0,"go.mod,go.sum",go,1,133,37,4,True,True,False,False,False,False,9846,74,10,17,0,0,49,37,False,False,False,False,1327,4,0.2437,1.027,0.329508,0.5564,29.92,13.33,3034.83,0.2705
https://github.com/argotorg/act,argotorg,act,argotorg/act,Smart contract specification language,,Haskell,268,8,48,34,36349,main,False,False,False,True,True,False,AGPL-3.0,2019-09-13T16:50:11Z,2026-03-12T22:46:13Z,2026-03-02T17:50:18Z,,48,,,14,1375,389,0,0.25,10,79.8,624696,"{""Haskell"": 498671, ""Rocq Prover"": 48133, ""Solidity"": 28259, ""Yacc"": 12907, ""Makefile"": 9327, ""Vyper"": 9081, ""Nix"": 8631, ""RPC"": 7143, ""Python"": 2341, ""Shell"": 203}",2,2026-01-30T17:09:32Z,True,84,3,1,0,"package.json,Makefile,flake.nix","nix,npm,make",3,624,116,5,True,False,True,True,True,False,2141,29,184,61,0,0,37,37,False,False,False,False,2372,10,0.1791,0.0345,0.001601,0.0465,98.21,19.14,624696.0,0.5797
https://github.com/ethdebug/format,ethdebug,format,ethdebug/format,Smart contract debugging data format – Standards development working group ,https://ethdebug.github.io/format/,TypeScript,77,8,11,38,43015,main,False,False,False,True,True,False,NOASSERTION,2022-11-14T19:33:47Z,2026-03-11T06:43:22Z,2026-03-11T09:25:51Z,"debugging-data-format,ethereum,smart-contracts,standards-working-group",11,,,7,386,105,0,5.75,6,81.9,2124267,"{""TypeScript"": 1739935, ""MDX"": 272428, ""CSS"": 106639, ""JavaScript"": 4182, ""Shell"": 720, ""HTML"": 363}",0,,False,12,0,0,16,package.json,npm,1,725,153,7,True,False,False,True,False,False,4684,268,112,119,0,0,75,37,False,False,False,False,1214,2,0.1429,0.0,0.0,0.3697,55.14,11.0,2124267.0,0.318
https://github.com/powdr-labs/powdr,powdr-labs,powdr,powdr-labs/powdr,Performance and security acceleration for zkVMs.,,Rust,484,13,126,56,79828,main,False,False,False,True,True,False,Apache-2.0,2023-01-06T08:56:44Z,2026-03-13T11:20:25Z,2026-03-13T11:23:37Z,,126,,,33,3312,724,0,9.75,4,94.6,1377894,"{""Rust"": 1304148, ""Python"": 48630, ""Cuda"": 17378, ""Shell"": 7738}",5,2024-12-29T11:02:55Z,True,100,9,0,0,Cargo.toml,cargo,1,309,103,5,True,True,False,False,False,True,2090,155,12,51,0,0,48,37,False,False,False,False,1162,0,0.2603,0.0,0.0,0.5016,100.36,14.67,1377894.0,2.8503
https://github.com/evmts/tevm-monorepo,evmts,tevm-monorepo,evmts/tevm-monorepo,"An Ethereum Node built to run in Browser, Bun, Deno, and Node.js",https://tevm.sh,TypeScript,438,3,50,24,151083,main,False,False,False,False,False,True,MIT,2023-02-14T06:21:49Z,2026-03-03T11:40:14Z,2026-02-09T21:00:39Z,"evm,forge,solidity,typescript",50,,,30,1973,404,0,0.0,8,68.6,8062452,"{""TypeScript"": 5534233, ""JavaScript"": 2291259, ""Rust"": 130127, ""Solidity"": 68553, ""Python"": 29791, ""Dockerfile"": 4170, ""Shell"": 2980, ""Nix"": 1339}",100,2025-10-07T16:44:50Z,True,100,100,0,19,"package.json,Cargo.toml,flake.nix","nix,cargo,npm",3,9423,965,7,True,True,True,True,True,True,8446,2022,1179,500,0,0,64,87,True,True,False,True,1123,31,0.1142,0.0,0.0,0.2146,65.77,14.6,8062452.0,1.7569
https://github.com/TrueBlocks/trueblocks-core,TrueBlocks,trueblocks-core,TrueBlocks/trueblocks-core,The main repository for the TrueBlocks system,https://trueblocks.io,Shell,1094,11,220,22,681125,main,False,False,False,True,False,False,GPL-3.0,2017-04-03T12:39:10Z,2026-03-01T00:01:42Z,2026-02-23T19:21:50Z,"blockchain,command-line-tools,ethereum,indexing",220,,,58,11440,294,0,5.25,6,43.5,134728,"{""Shell"": 58645, ""Solidity"": 57547, ""CMake"": 14908, ""Dockerfile"": 3422, ""Nix"": 152, ""Makefile"": 54}",23,2025-09-28T04:53:51Z,True,3,100,0,0,,,0,5069,250,6,True,True,True,True,False,False,8336,16,3,84,0,0,45,75,True,True,False,True,3266,17,0.2011,0.0,0.0,0.0032,197.24,18.86,134728.0,3.5028
https://github.com/shazow/whatsabi,shazow,whatsabi,shazow/whatsabi,"Extract the ABI (and resolve proxies, and get other metadata) from Ethereum bytecode, even without source code.",https://shazow.github.io/whatsabi/,TypeScript,1145,12,90,41,1294,main,False,False,False,False,True,True,MIT,2022-09-22T02:03:22Z,2026-03-13T10:37:11Z,2026-03-05T18:55:26Z,"bytecode,ethereum,evm,web3",90,,,15,638,74,67,0.5,4,99.2,222232,"{""TypeScript"": 220437, ""Makefile"": 890, ""Nix"": 713, ""JavaScript"": 192}",43,2026-02-12T16:53:56Z,True,12,48,1,13,"package.json,Makefile,flake.nix","nix,npm,make",3,68,8,3,True,False,False,False,True,True,10131,25,17,17,0,0,111,42,False,False,False,False,1268,7,0.0786,0.04,0.0045,0.3676,42.53,76.33,222232.0,0.5032
https://github.com/chainsafe/lodestar,chainsafe,lodestar,ChainSafe/lodestar,🌟 Ethereum Consensus client for the Zig and TypeScript ecosystem,https://lodestar.chainsafe.io,TypeScript,1404,31,439,318,457598,unstable,False,False,False,True,True,True,Apache-2.0,2018-06-22T14:41:47Z,2026-03-13T01:25:32Z,2026-03-13T13:17:59Z,"beacon-chain,blockchain,eth2,ethereum,proof-of-stake,serenity,typescript",439,,,136,11109,788,0,14.5,5,98.1,7295383,"{""TypeScript"": 7154060, ""Go Template"": 65069, ""JavaScript"": 45612, ""Shell"": 27088, ""Dockerfile"": 3554}",100,2026-02-11T15:17:42Z,True,100,100,2,46,package.json,npm,1,2137,546,8,True,True,True,True,False,True,14222,1016,741,178,1,0,64,87,False,True,False,True,2820,0,0.3127,0.002,0.000274,0.4754,81.68,10.32,3647691.5,3.9394
https://github.com/erigontech/silkworm,erigontech,silkworm,erigontech/silkworm,C++ implementation of the Ethereum protocol,,C++,317,9,83,114,135244,master,False,False,False,True,False,False,Apache-2.0,2020-06-11T14:22:43Z,2026-02-27T02:05:34Z,2025-05-21T09:10:41Z,"cpp,ethereum",83,,,28,2889,87,0,0.0,8,99.8,58165882,"{""C++"": 58048816, ""CMake"": 70991, ""C"": 23518, ""Shell"": 8932, ""Python"": 8489, ""Dockerfile"": 2825, ""Go"": 1480, ""Makefile"": 831}",15,2025-02-01T15:38:36Z,True,84,18,0,0,"CMakeLists.txt,Makefile","cmake,make",2,1820,216,7,True,True,True,True,True,True,9931,1276,346,24,0,0,43,62,False,True,False,False,2100,296,0.2618,0.0,0.0,0.7011,103.18,11.32,58165882.0,1.3757
https://github.com/ethpandaops/ethereum-helm-charts,ethpandaops,ethereum-helm-charts,ethpandaops/ethereum-helm-charts,A set of Helm charts to run multiple components of the Ethereum blockchain on Kubernetes.,,Go Template,185,6,93,26,2237,master,False,False,False,True,True,False,MIT,2021-09-23T11:02:11Z,2026-03-12T10:48:54Z,2026-03-13T10:22:21Z,"docker,ethereum,helm,kubernetes",93,,,21,400,73,0,1.75,2,99.7,152473,"{""Go Template"": 152015, ""Makefile"": 458}",100,2026-03-04T18:30:13Z,True,17,100,0,0,Makefile,make,1,1227,226,5,True,False,False,False,False,True,8329,0,0,861,0,0,89,37,False,False,False,False,1632,0,0.5027,0.0,0.0,0.0,19.05,8.81,152473.0,0.2451
https://github.com/DefiLlama/DefiLlama-Adapters,DefiLlama,DefiLlama-Adapters,DefiLlama/DefiLlama-Adapters,,,JavaScript,1137,26,6999,133,65827,main,False,False,False,True,False,True,,2020-11-14T00:41:54Z,2026-03-12T18:08:03Z,2026-03-13T09:56:51Z,,6999,,,406,33365,4660,0,117.25,5,99.1,10239912,"{""JavaScript"": 10146069, ""TypeScript"": 86481, ""Solidity"": 4934, ""Groovy"": 2381, ""Shell"": 47}",1,2025-10-17T15:02:01Z,True,62,1,25,1,package.json,npm,1,6295,4685,5,True,False,False,True,False,False,2864,5945,10,328,0,0,0,25,False,False,False,True,1945,0,6.1557,0.0042,0.002441,0.9444,82.18,2.8,409596.48,17.1542
https://github.com/blockscout/blockscout,blockscout,blockscout,blockscout/blockscout,Blockchain explorer for Ethereum based network and a tool for inspecting and analyzing EVM based blockchains. ,http://docs.blockscout.com,Elixir,4439,117,3010,245,212628,master,False,False,False,True,False,True,GPL-3.0,2018-01-12T22:45:24Z,2026-03-12T20:45:04Z,2026-03-13T07:46:05Z,"blockchain,elixir,ethereum,explorer",3010,,,154,15868,870,0,20.25,9,88.9,14277207,"{""Elixir"": 12685832, ""HTML"": 546524, ""Solidity"": 384329, ""SCSS"": 316162, ""JavaScript"": 307529, ""Shell"": 17782, ""Dockerfile"": 9823, ""Makefile"": 6597, ""Vyper"": 2629}",100,2026-03-13T07:46:05Z,True,100,100,9,0,mix.exs,elixir,1,3326,699,9,True,True,False,False,False,True,3309,1422,100,173,0,0,110,87,True,True,False,True,2981,0,0.6781,0.0063,0.00063,0.4275,103.04,28.82,1586356.33,5.323
https://github.com/argotorg/hevm,argotorg,hevm,argotorg/hevm,Symbolic and concrete EVM execution engine,https://hevm.dev,Haskell,329,8,74,67,17375,main,False,False,False,False,True,False,AGPL-3.0,2022-08-29T18:39:09Z,2026-03-12T16:51:25Z,2026-03-12T16:51:24Z,,74,,,102,6504,723,0,8.25,7,90.0,1349126,"{""Haskell"": 1214021, ""Solidity"": 105320, ""C"": 10360, ""Nix"": 9536, ""C++"": 6620, ""Python"": 3020, ""Shell"": 249}",16,2026-01-08T14:51:12Z,True,100,33,2,0,"cabal.project,flake.nix","nix,haskell",2,156,28,3,True,False,True,True,False,True,2736,51,53,15,0,0,42,50,False,False,False,True,1291,0,0.2249,0.0392,0.001482,0.3269,63.76,3.23,674563.0,5.038
https://github.com/wevm/viem,wevm,viem,wevm/viem,TypeScript Interface for Ethereum,https://viem.sh,TypeScript,3420,28,1361,37,419452,main,False,False,False,False,False,True,NOASSERTION,2022-07-22T00:54:04Z,2026-03-13T09:39:03Z,2026-03-12T00:21:43Z,"abi,blockchain,contracts,dapp,ethereum,javascript,typescript,viem,wagmi,web3",1361,,,465,4246,969,0,16.0,6,95.3,8946197,"{""TypeScript"": 8526707, ""MDX"": 390082, ""Solidity"": 26574, ""CSS"": 1660, ""JavaScript"": 818, ""HTML"": 356}",100,2026-03-12T00:21:44Z,True,5,100,0,27,package.json,npm,1,2748,237,5,True,False,False,True,True,False,13,1228,804,121,0,0,33,100,True,True,False,True,1330,1,0.398,0.0,0.0,0.4469,9.13,7.35,8946197.0,3.1925
https://github.com/vyperlang/vyper,vyperlang,vyper,vyperlang/vyper,Pythonic Smart Contract Language for the EVM,https://vyperlang.org,Python,5171,150,884,591,14474,master,False,False,False,True,False,True,NOASSERTION,2016-11-11T08:56:41Z,2026-03-12T05:29:15Z,2026-03-09T19:22:21Z,"ethereum,ethereum-dapp,language,python,vyper",884,,,219,6079,184,0,2.5,6,99.8,4052899,"{""Python"": 4046722, ""Makefile"": 2222, ""Batchfile"": 1614, ""Dockerfile"": 1145, ""Shell"": 793, ""Vyper"": 403}",60,2025-06-18T20:09:23Z,True,10,78,153,0,"setup.py,setup.cfg,pyproject.toml,Makefile","pip,make",2,747,148,9,True,True,True,True,True,False,4222,211,442,15,0,0,44,87,False,True,False,True,3409,3,0.171,0.7251,0.037751,0.2825,27.76,23.61,26489.54,1.7832
https://github.com/vyperlang/titanoboa,vyperlang,titanoboa,vyperlang/titanoboa,a vyper interpreter,https://titanoboa.readthedocs.io,Python,305,8,72,89,1665,master,False,False,False,True,True,False,NOASSERTION,2022-06-24T13:28:19Z,2026-03-09T13:33:25Z,2026-03-09T13:33:29Z,,72,,,25,1564,30,0,0.25,6,93.7,581862,"{""Python"": 545130, ""Vyper"": 28905, ""JavaScript"": 4702, ""HTML"": 2436, ""Makefile"": 472, ""Shell"": 217}",15,2025-10-08T07:36:03Z,True,40,15,59,0,"setup.cfg,pyproject.toml,Makefile","pip,make",2,243,52,4,True,False,True,True,True,False,10272,53,81,16,0,0,19,62,False,True,False,True,1357,3,0.2361,1.1132,0.101399,0.2181,62.56,12.2,9862.07,1.1525
https://github.com/status-im/nimbus-eth2,status-im,nimbus-eth2,status-im/nimbus-eth2,Nim implementation of the Ethereum Beacon Chain,https://nimbus.guide,Nim,647,38,309,240,72384,stable,False,False,False,True,True,False,NOASSERTION,2018-07-20T13:45:21Z,2026-03-12T12:20:46Z,2026-03-13T12:51:57Z,"beacon-chain,eth2,eth2-clients,ethereum,hacktoberfest,nim,nimbus,nimbus-eth2,proof-of-stake,serenity",309,,,114,8005,755,0,2.75,12,95.3,6367560,"{""Nim"": 6070275, ""Shell"": 112150, ""C"": 97580, ""Makefile"": 31519, ""Groovy"": 12315, ""Jupyter Notebook"": 12282, ""Python"": 8496, ""Nix"": 8403, ""HTML"": 6055, ""Assembly"": 3669, ""Dockerfile"": 2674, ""Objective-C"": 2142}",100,2026-03-13T06:01:46Z,True,100,100,0,0,"Makefile,flake.nix","nix,make",2,789,102,7,True,True,True,True,False,True,8555,146,225,42,0,0,47,50,False,False,False,False,2792,0,0.4776,0.0,0.0,0.185,70.22,5.68,6367560.0,2.8671
https://github.com/scaffold-eth/scaffold-eth-2,scaffold-eth,scaffold-eth-2,scaffold-eth/scaffold-eth-2,Open source forkable Ethereum dev stack,https://scaffoldeth.io,TypeScript,1993,28,1334,14,9374,main,False,False,True,False,False,True,MIT,2022-09-19T14:19:48Z,2026-03-13T03:21:09Z,2026-03-13T13:05:26Z,"daisyui,dapp,ethereum,ethersjs,hardhat,nextjs,rainbowkit,solidity,starter-kit,tailwindcss,typescript,viem,wagmi",1334,,,59,504,55,0,0.75,4,95.4,179882,"{""TypeScript"": 171597, ""Solidity"": 2972, ""JavaScript"": 2934, ""CSS"": 2379}",18,2024-04-16T16:04:45Z,True,35,18,0,2,package.json,npm,1,142,61,6,True,False,False,False,False,False,4063,89,1,17,1,0,39,62,False,True,False,True,1270,0,0.6693,0.0,0.0,0.6268,8.54,33.78,179882.0,0.3969
https://github.com/OffchainLabs/prysm,OffchainLabs,prysm,OffchainLabs/prysm,Go implementation of Ethereum proof of stake,https://www.offchainlabs.com,Go,3735,122,1279,454,196292,develop,False,False,False,True,False,True,GPL-3.0,2018-01-11T21:31:33Z,2026-03-12T22:59:03Z,2026-03-13T13:17:36Z,ethereum,1279,,,298,10181,771,0,22.5,10,94.4,20966689,"{""Go"": 19789043, ""Starlark"": 1027514, ""Shell"": 94878, ""Smarty"": 24214, ""Solidity"": 9464, ""Batchfile"": 8744, ""Go Template"": 6723, ""PowerShell"": 4900, ""Dockerfile"": 1196, ""C++"": 13}",100,2026-01-07T16:51:20Z,True,100,100,282,0,"go.mod,go.sum",go,1,4306,570,7,True,True,False,True,False,True,3071,1384,1965,54,0,0,44,87,False,True,False,True,2982,0,0.3424,0.2038,0.01345,0.3214,34.16,12.53,74349.96,3.4142
https://github.com/safe-global/safe-smart-account,safe-global,safe-smart-account,safe-fndn/safe-smart-account,Safe allows secure management of blockchain assets. ,https://safe.global,TypeScript,2118,51,1117,25,11004,main,False,False,False,False,False,False,LGPL-3.0,2017-09-02T09:23:38Z,2026-03-11T19:48:04Z,2026-03-05T06:19:37Z,"ethereum,solidity,wallet",1117,,,66,1155,73,0,0.0,6,61.6,779850,"{""TypeScript"": 480633, ""Solidity"": 233948, ""Python"": 54416, ""Ruby"": 9107, ""JavaScript"": 1033, ""Makefile"": 713}",17,2025-07-03T09:56:51Z,True,19,21,0,30,package.json,npm,1,233,43,3,True,False,True,True,False,True,5297,86,65,24,0,0,52,50,False,False,False,True,3114,8,0.5274,0.0,0.0,0.3691,17.5,32.09,779850.0,0.3709
https://github.com/paradigmxyz/reth,paradigmxyz,reth,paradigmxyz/reth,"Modular, contributor-friendly and blazing-fast implementation of the Ethereum protocol, in Rust",https://reth.rs/,Rust,5475,62,2337,248,142106,main,False,False,False,False,True,True,Apache-2.0,2022-09-15T23:05:57Z,2026-03-13T11:42:08Z,2026-03-13T13:05:00Z,"blockchain,contributor-friendly,distributed-systems,ethereum,execution-layer,modular,p2p,rust",2337,,,455,13758,4217,0,108.5,10,73.2,20094046,"{""Rust"": 14709391, ""HTML"": 5331924, ""Python"": 15498, ""Makefile"": 12124, ""Mermaid"": 11138, ""Shell"": 5812, ""Nix"": 3205, ""HCL"": 2762, ""Dockerfile"": 1446, ""JavaScript"": 746}",89,2026-03-12T13:32:02Z,True,100,100,0,0,"Cargo.toml,Makefile,flake.nix","nix,cargo,make",3,1910,569,9,True,True,True,True,True,True,11500,1107,205,244,0,0,95,62,False,True,False,False,1274,0,0.4268,0.0,0.0,0.5796,30.24,12.03,20094046.0,10.7991
https://github.com/openzeppelin/openzeppelin-contracts,openzeppelin,openzeppelin-contracts,OpenZeppelin/openzeppelin-contracts,OpenZeppelin Contracts is a library for secure smart contract development.,https://openzeppelin.com/contracts,Solidity,27029,640,12412,325,52239,master,False,False,False,False,False,False,MIT,2016-08-01T20:54:54Z,2026-03-13T04:44:18Z,2026-03-09T13:55:04Z,"ethereum,evm,security,smart-contracts,solidity",12412,,,438,4085,264,0,4.75,7,55.1,3786602,"{""Solidity"": 2085876, ""JavaScript"": 1674609, ""Shell"": 10161, ""Python"": 9912, ""JSON5"": 4119, ""Makefile"": 1714, ""Ruby"": 211}",100,2026-02-27T15:02:36Z,True,67,100,0,43,package.json,npm,1,878,139,5,True,False,True,True,False,False,9137,424,239,43,0,0,74,100,True,True,False,True,3510,3,0.4592,0.0,0.0,0.4829,9.33,61.71,3786602.0,1.1638
https://github.com/nomicfoundation/hardhat,nomicfoundation,hardhat,NomicFoundation/hardhat,"Hardhat is a development environment to compile, deploy, test, and debug your Ethereum software. ",https://hardhat.org,TypeScript,8444,76,1702,630,212090,main,False,False,False,False,False,True,NOASSERTION,2018-04-14T22:20:59Z,2026-03-13T01:22:21Z,2026-03-13T12:06:24Z,"blockchain,dapps,debugging,ethereum,javascript,smart-contracts,solidity,task-runner,tooling,typescript",1702,,,396,18302,3191,0,79.25,7,95.5,7632197,"{""TypeScript"": 7286498, ""Solidity"": 165867, ""JavaScript"": 136405, ""HTML"": 21083, ""Shell"": 14922, ""CSS"": 6982, ""PowerShell"": 440}",100,2026-03-11T14:54:44Z,True,55,100,0,8,package.json,npm,1,2367,850,12,True,False,True,False,False,False,1175,845,893,307,0,0,97,62,False,True,False,True,2889,0,0.2016,0.0,0.0,0.357,46.22,21.32,7632197.0,6.3351
https://github.com/nethermindeth/nethermind,nethermindeth,nethermind,NethermindEth/nethermind,A robust execution client for Ethereum node operators.,https://nethermind.io/nethermind-client,C#,1530,48,661,527,549290,master,False,False,False,False,False,True,GPL-3.0,2017-08-23T15:10:51Z,2026-03-13T10:53:36Z,2026-03-13T13:12:34Z,"blockchain,eth,ethereum,ethereum-client,evm",661,,,228,10168,1439,0,46.25,11,99.1,24902786,"{""C#"": 24689324, ""TypeScript"": 75125, ""Python"": 44223, ""Shell"": 31433, ""JavaScript"": 28153, ""HTML"": 13245, ""Makefile"": 6588, ""CSS"": 6159, ""Dockerfile"": 5253, ""Solidity"": 3043, ""PowerShell"": 240}",100,2026-03-06T13:56:25Z,True,100,100,0,0,,,0,5311,620,8,True,True,False,False,False,True,5233,3244,1472,247,1,0,54,100,True,True,False,True,3123,0,0.432,0.0,0.0,0.6108,44.6,6.71,24902786.0,3.2558
https://github.com/nethereum/nethereum,nethereum,nethereum,Nethereum/Nethereum,Ethereum .Net cross platform integration library ,http://nethereum.com,C#,2244,116,743,112,801845,master,False,False,False,False,False,False,MIT,2015-11-23T20:30:14Z,2026-03-10T15:33:50Z,2026-03-10T15:33:44Z,"abi,blockchain,cross-platform,ethereum,ethereum-client,geth,nethereum,parity,quorum,rlp,rpc,signing",743,,,86,2525,308,0,14.5,10,80.2,28086707,"{""C#"": 22512254, ""JavaScript"": 3074740, ""HTML"": 1496073, ""Solidity"": 737944, ""CSS"": 181910, ""Batchfile"": 42233, ""TypeScript"": 29420, ""Python"": 7616, ""Shell"": 3740, ""PowerShell"": 777}",82,2026-03-07T05:11:20Z,True,6,82,0,0,,,0,9470,1787,12,True,False,True,True,False,True,16385,3980,1020,2949,0,0,49,50,False,False,False,False,3762,2,0.3311,0.0,0.0,0.4203,29.36,26.09,28086707.0,0.6712
https://github.com/hyperledger-web3j/web3j,hyperledger-web3j,web3j,LFDT-web3j/web3j,Lightweight Java and Android library for integration with Ethereum clients,https://www.web3labs.com/web3j-sdk,Java,5386,214,1762,136,11780,main,False,False,False,True,False,True,NOASSERTION,2016-09-04T05:48:49Z,2026-03-11T09:30:45Z,2026-01-28T16:57:48Z,"android,blockchain,ether,ethereum,java,reactivex,rxjava,smart-contract-tools,smart-contracts,solidity",1762,,,225,2527,164,0,0.0,5,98.9,3774741,"{""Java"": 3732346, ""Solidity"": 32623, ""Shell"": 8415, ""Dockerfile"": 1001, ""JavaScript"": 356}",100,2026-01-21T18:35:57Z,True,100,100,0,0,build.gradle,gradle,1,1063,412,11,True,True,False,True,False,False,9828,576,193,58,0,0,74,87,True,True,False,True,3477,43,0.3271,0.0,0.0,0.5419,11.23,23.94,3774741.0,0.7268
https://github.com/grandinetech/grandine,grandinetech,grandine,grandinetech/grandine,High performance Ethereum consensus client,,Rust,255,4,69,77,9803,develop,False,False,False,True,False,False,GPL-3.0,2021-06-29T11:50:59Z,2026-03-13T13:23:28Z,2026-03-13T13:23:23Z,,69,,,14,712,415,0,4.75,7,97.8,5284792,"{""Rust"": 5167347, ""C#"": 83976, ""Makefile"": 18444, ""Shell"": 10343, ""Ruby"": 3972, ""Dockerfile"": 570, ""HTML"": 140}",20,2026-03-10T07:37:20Z,True,100,31,0,0,"Cargo.toml,Makefile","cargo,make",2,662,206,5,True,True,False,True,False,True,4778,459,48,105,0,0,42,37,False,False,False,False,1718,0,0.2706,0.0,0.0,0.6934,50.86,18.21,5284792.0,0.4144
https://github.com/foundry-rs/foundry,foundry-rs,foundry,foundry-rs/foundry,"Foundry is a blazing fast, portable and modular toolkit for Ethereum application development written in Rust.",https://getfoundry.sh/,Rust,10211,84,2439,575,91428,master,False,False,False,False,True,True,Apache-2.0,2021-09-08T11:23:11Z,2026-03-13T13:15:49Z,2026-03-13T13:01:49Z,"alloy,blockchain,bytecode,compiler,compilers,dapp,eth,ethereum,evm,framework,fuzzing,ir,rust,solidity,testing,tooling",2439,,,447,6350,1777,0,48.5,11,98.7,7981281,"{""Rust"": 7880497, ""Shell"": 36527, ""TypeScript"": 26369, ""JavaScript"": 18298, ""Solidity"": 9803, ""Makefile"": 3705, ""Dockerfile"": 2549, ""Nix"": 1732, ""Python"": 1211, ""HTML"": 418, ""Vyper"": 172}",100,2026-03-12T06:22:54Z,True,100,100,0,0,"Cargo.toml,Makefile,flake.nix","nix,cargo,make",3,1301,295,6,True,True,True,True,False,True,3125,488,559,136,1,0,109,75,False,True,False,True,1647,0,0.2389,0.0,0.0,0.3751,14.21,22.84,7981281.0,3.8555
https://github.com/ethers-io/ethers.js,ethers-io,ethers.js,ethers-io/ethers.js,Complete Ethereum library and wallet implementation in JavaScript.,https://ethers.org/,TypeScript,8653,112,2110,634,178538,main,False,False,False,False,False,True,MIT,2016-07-16T04:35:37Z,2026-03-13T12:00:46Z,2026-02-13T23:23:54Z,"blockchain,ethereum,ethers,javascript,typescript,web3",2110,,,1,792,57,0,0.5,4,67.3,2119681,"{""TypeScript"": 1427334, ""JavaScript"": 691183, ""HTML"": 1084, ""CSS"": 80}",100,2025-12-03T05:33:20Z,True,25,100,7,9,package.json,npm,1,1766,71,5,True,False,False,True,False,False,6067,756,184,28,0,0,66,50,False,False,False,False,3527,27,0.2438,0.0093,0.003302,0.4281,792.0,8653.0,302811.57,0.2246
https://github.com/argotorg/sourcify,argotorg,sourcify,argotorg/sourcify,Source code verification service for Ethereum smart contracts,https://sourcify.dev,TypeScript,909,36,517,95,38300,staging,False,False,False,True,False,False,MIT,2019-04-24T08:23:22Z,2026-03-12T21:02:32Z,2026-03-12T16:38:31Z,"ethereum,smart-contracts,solidity,source-code-verification,verification,vyper",517,,,170,3634,435,0,5.75,8,54.7,2921655,"{""TypeScript"": 1598584, ""Solidity"": 1098964, ""JavaScript"": 115101, ""PLpgSQL"": 64661, ""Shell"": 33383, ""Vyper"": 5615, ""Dockerfile"": 3725, ""Yul"": 1622}",100,2026-03-03T07:28:02Z,True,83,100,0,10,package.json,npm,1,888,314,12,True,True,False,False,False,False,3977,164,363,256,0,0,61,50,False,False,False,True,2515,0,0.5688,0.0,0.0,0.1847,21.38,5.35,2921655.0,1.4449
https://github.com/argotorg/solidity,argotorg,solidity,argotorg/solidity,"Solidity, the Smart Contract Programming Language",https://soliditylang.org,C++,25581,719,6099,702,81913,develop,False,False,False,True,False,False,GPL-3.0,2015-08-17T12:27:26Z,2026-03-13T01:26:01Z,2026-03-13T13:19:06Z,"blockchain,cpp,ethereum,hacktoberfest,language,programming-language,smartcontracts,solidity",6099,,,350,26002,580,0,11.75,12,53.5,14037327,"{""C++"": 7504652, ""Solidity"": 4429765, ""Yul"": 1259568, ""Python"": 335897, ""Shell"": 291284, ""CMake"": 80907, ""C"": 74643, ""Dockerfile"": 23057, ""JavaScript"": 17276, ""Assembly"": 13573, ""Java"": 3537, ""PowerShell"": 3168}",100,2026-03-11T06:25:38Z,True,100,100,0,0,CMakeLists.txt,cmake,1,11553,1169,7,True,True,True,True,False,True,4166,629,7628,836,0,0,49,87,True,True,False,False,3861,0,0.2384,0.0,0.0,0.0544,74.29,73.09,14037327.0,6.7345
https://github.com/remix-project-org/remix-project,remix-project-org,remix-project,remix-project-org/remix-project,Remix is a browser-based compiler and IDE that enables users to build Ethereum contracts with Solidity language and to debug transactions.,https://remix.live,TypeScript,2906,78,1307,799,325704,master,False,False,False,True,False,False,Apache-2.0,2020-03-20T07:49:48Z,2026-03-13T10:44:21Z,2026-03-13T13:28:46Z,"blockchain,ethereum,evm,hacktoberfest,remix,remix-ide,smart-contracts,solidity,vyper",1307,,,264,33154,4886,0,177.5,12,78.0,14208527,"{""TypeScript"": 11085472, ""JavaScript"": 2019412, ""CSS"": 814161, ""Solidity"": 105570, ""EJS"": 99216, ""Shell"": 36486, ""SCSS"": 22226, ""HTML"": 15347, ""Circom"": 7909, ""Handlebars"": 1602, ""Noir"": 944, ""Dockerfile"": 182}",100,2025-12-29T16:19:55Z,True,100,100,179,164,package.json,npm,1,2934,820,8,True,True,True,False,False,False,10872,1694,370,367,0,0,138,62,False,True,False,False,2184,0,0.4498,0.1057,0.012598,0.5774,125.58,11.01,79377.25,15.1804
https://github.com/ethereum/go-ethereum,ethereum,go-ethereum,ethereum/go-ethereum,Go implementation of the Ethereum protocol,https://geth.ethereum.org,Go,50911,2204,21843,375,233784,master,False,False,False,True,True,False,LGPL-3.0,2013-12-26T13:05:46Z,2026-03-13T13:18:48Z,2026-03-13T12:26:20Z,"blockchain,ethereum,geth,go,p2p",21843,,,445,16811,1027,0,21.5,16,83.3,16145181,"{""Go"": 13446047, ""C"": 1854486, ""JavaScript"": 436893, ""Assembly"": 145305, ""Sage"": 42344, ""Shell"": 37829, ""Python"": 33217, ""Go Template"": 32354, ""CMake"": 30065, ""M4"": 23683, ""NSIS"": 23197, ""Solidity"": 14815, ""Makefile"": 13455, ""Yul"": 5382, ""Dockerfile"": 4988, ""HTML"": 1121}",100,2026-03-03T12:47:43Z,True,62,100,155,0,"go.mod,go.sum,Makefile","make,go",2,2343,342,7,True,True,True,True,False,True,16223,986,518,389,0,0,42,75,False,True,False,False,4460,0,0.429,0.1572,0.0096,0.4208,37.78,114.41,104162.46,3.7693
https://github.com/argotorg/fe,argotorg,fe,argotorg/fe,Emerging smart contract language for the Ethereum blockchain.,https://fe-lang.org,Rust,1718,31,210,129,31350,master,False,False,False,False,True,True,Apache-2.0,2019-08-10T05:24:07Z,2026-03-13T11:36:07Z,2026-03-13T09:26:13Z,,210,,,49,3943,1538,0,121.0,9,96.6,6137274,"{""Rust"": 5930582, ""JavaScript"": 128468, ""CSS"": 24069, ""C"": 22235, ""Shell"": 10437, ""C++"": 10431, ""Tree-sitter Query"": 7283, ""Makefile"": 2392, ""Python"": 1377}",35,2026-03-13T09:43:27Z,True,6,68,35,0,"Cargo.toml,pyproject.toml,Makefile","cargo,pip,make",3,2600,457,11,True,False,True,False,False,True,1479,358,992,178,0,0,61,37,False,False,False,False,2407,0,0.1222,0.0978,0.005703,0.1377,80.47,35.06,175350.69,1.6381
https://github.com/ethereum/execution-apis,ethereum,execution-apis,ethereum/execution-apis,Collection of APIs provided by Ethereum execution layer clients ,,MDX,1101,52,486,126,23291,main,False,False,False,False,True,False,CC0-1.0,2021-06-16T19:08:14Z,2026-03-09T22:31:40Z,2026-03-09T16:08:26Z,,486,,,89,764,94,0,4.0,8,56.8,3506889,"{""MDX"": 1990190, ""Io"": 1205537, ""Go"": 304549, ""TypeScript"": 2704, ""JavaScript"": 1661, ""Makefile"": 864, ""CSS"": 751, ""Shell"": 633}",13,2024-04-22T03:09:19Z,True,15,13,18,0,"package.json,Makefile","npm,make",2,371,60,4,True,False,False,True,False,False,6690,5,18,47,0,0,64,50,False,True,False,False,1730,3,0.4414,3.6,0.005133,0.0135,8.58,12.37,194827.17,0.4416
https://github.com/ethereum/eips,ethereum,eips,ethereum/EIPs,The Ethereum Improvement Proposal repository,https://eips.ethereum.org/,Python,13800,970,5913,436,110264,master,False,False,False,False,True,False,CC0-1.0,2015-10-26T13:57:23Z,2026-03-13T13:28:38Z,2026-03-13T00:58:16Z,,5913,,,428,7297,1147,0,17.75,10,53.4,431387,"{""Python"": 230447, ""Solidity"": 86225, ""HTML"": 39195, ""Go"": 28489, ""Jupyter Notebook"": 18122, ""Yul"": 16780, ""JavaScript"": 5281, ""SCSS"": 3583, ""CSS"": 2412, ""Ruby"": 853}",0,,False,25,0,0,0,Gemfile,ruby,1,1387,99,5,True,False,False,False,False,True,5110,33,6,49,0,0,44,62,False,True,True,True,3790,0,0.4285,0.0,0.0,0.0238,17.05,32.24,431387.0,1.9253
https://github.com/ethereum-lists/chains,ethereum-lists,chains,ethereum-lists/chains,provides metadata for chains,https://chainid.network,Kotlin,9830,552,7977,113,445018,master,False,False,False,False,True,False,MIT,2018-12-20T17:53:10Z,2026-03-12T20:40:28Z,2026-03-04T22:23:13Z,"chainid,chains,eip155,ethereum,evm,hacktoberfest",7977,,,467,3886,321,0,1.0,2,94.7,37446,"{""Kotlin"": 35446, ""JavaScript"": 2000}",0,,False,100,7,0,0,"package.json,build.gradle","gradle,npm",2,4287,69,9,True,False,False,False,False,False,5125,10,1,3727,0,0,28,37,False,False,False,False,2639,8,0.8115,0.0,0.0,0.0023,8.32,21.05,37446.0,1.4725
https://github.com/ethereum/consensus-specs,ethereum,consensus-specs,ethereum/consensus-specs,Ethereum Proof-of-Stake Consensus Specifications,https://ethereum.github.io/consensus-specs/,Python,3907,233,1233,74,26870,master,False,False,False,False,True,False,CC0-1.0,2018-09-20T05:12:54Z,2026-03-13T13:17:43Z,2026-03-13T13:21:19Z,,1233,,,206,11060,601,0,16.75,5,98.5,2956990,"{""Python"": 2911932, ""Solidity"": 27029, ""Makefile"": 14313, ""MiniZinc"": 3182, ""Nix"": 534}",100,2026-02-03T14:33:11Z,True,85,100,119,0,"setup.py,pyproject.toml,Makefile","pip,make",2,680,196,8,True,False,True,True,False,False,5031,12,443,54,0,0,48,62,False,False,False,True,2731,0,0.3156,9.9167,0.040244,0.0176,53.69,18.97,24848.66,4.0498
https://github.com/erigontech/erigon,erigontech,erigon,erigontech/erigon,Ethereum implementation on the efficiency frontier ,https://docs.erigon.tech,Go,3540,59,1489,536,513937,main,False,False,False,True,False,True,LGPL-3.0,2019-05-27T12:12:40Z,2026-03-13T13:20:36Z,2026-03-13T13:23:51Z,"blockchain,ethereum",1489,,,390,30314,2795,0,101.0,10,99.1,18901856,"{""Go"": 18735846, ""Assembly"": 31116, ""JavaScript"": 28808, ""Shell"": 28367, ""Makefile"": 27331, ""Solidity"": 26458, ""Python"": 10970, ""Dockerfile"": 7493, ""TypeScript"": 5267, ""Just"": 200}",100,2026-03-09T08:34:32Z,True,100,100,450,0,"go.mod,go.sum,Makefile","make,go",2,7626,702,11,True,True,True,False,False,True,32863,1621,750,4329,0,0,51,62,False,True,False,False,2482,0,0.4206,0.2776,0.023807,0.2126,77.73,9.08,42004.12,12.2135
https://github.com/consensys/teku,consensys,teku,Consensys/teku,🚀 Open-source Ethereum consensus client written in Java,https://consensys.io/teku,Java,763,31,366,273,567626,master,False,False,False,True,True,True,Apache-2.0,2018-09-07T09:30:05Z,2026-03-12T18:47:34Z,2026-03-12T19:04:26Z,"beacon-chain,consensys,eth2,eth2-clients,ethereum,java,proof-of-stake,teku",366,,,109,6558,690,0,18.25,6,99.8,24038586,"{""Java"": 23998267, ""Shell"": 24203, ""JavaScript"": 6288, ""Dockerfile"": 5136, ""Python"": 3821, ""HTML"": 871}",100,2026-03-05T19:57:14Z,True,71,100,7,0,build.gradle,gradle,1,6360,2446,16,True,True,False,True,False,True,5782,1972,2590,1093,0,0,55,100,True,True,True,True,2744,0,0.4797,0.0035,0.000291,0.3101,60.17,7.0,3434083.71,2.3899
https://github.com/apeworx/ape,apeworx,ape,ApeWorX/ape,Build and explore on-chain with Python,https://docs.apeworx.io/ape/stable/userguides/quickstart,Python,1029,15,173,190,1777566,main,False,False,False,False,True,True,Apache-2.0,2021-01-05T00:18:22Z,2026-03-09T13:36:40Z,2026-03-11T02:19:01Z,"ape,apeworx,brownie,defi,developer-tools,ethereum,framework,nft,python,smart-contracts,solidity,vyper,web3",173,,,86,1693,106,0,0.25,4,97.6,2593079,"{""Python"": 2530363, ""Solidity"": 49441, ""Vyper"": 10164, ""Dockerfile"": 3111}",100,2026-02-16T21:35:16Z,True,5,100,206,0,pyproject.toml,pip,1,431,104,9,True,True,True,True,False,False,6612,118,162,72,0,0,38,75,False,True,False,True,1893,2,0.1681,1.7458,0.079442,0.2738,19.69,11.97,12587.76,0.8943
https://github.com/alloy-rs/alloy,alloy-rs,alloy,alloy-rs/alloy,"Transports, Middleware, and Networks for the Alloy project",https://alloy.rs,Rust,1252,22,592,130,61078,main,False,False,False,False,True,False,Apache-2.0,2023-04-17T23:31:47Z,2026-03-13T07:36:48Z,2026-03-13T07:36:43Z,"blockchain,ethereum",592,,,285,2659,1025,0,15.0,2,100.0,4343165,"{""Rust"": 4342088, ""Shell"": 1077}",100,2026-03-09T08:17:41Z,True,100,100,0,0,Cargo.toml,cargo,1,577,138,5,True,False,False,False,False,False,13052,347,14,82,1,0,58,75,False,True,False,True,1060,0,0.4728,0.0,0.0,0.6014,9.33,4.39,4343165.0,2.5085
https://github.com/a16z/helios,a16z,helios,a16z/helios,"A fast, secure, and portable multichain light client for Ethereum",,Rust,2126,23,438,82,3137,master,False,False,False,True,False,False,MIT,2022-08-10T17:26:41Z,2026-03-06T16:37:25Z,2026-02-27T21:42:38Z,ethereum,438,,,96,454,111,0,1.5,5,93.7,641061,"{""Rust"": 600469, ""TypeScript"": 22311, ""HTML"": 11191, ""Shell"": 6512, ""JavaScript"": 578}",39,2026-02-27T21:24:53Z,True,28,65,4,8,Cargo.toml,cargo,1,266,72,5,True,False,False,True,True,True,11050,112,13,69,2,0,65,37,False,False,False,False,1310,13,0.206,0.0357,0.00624,0.4211,4.73,22.15,160265.25,0.3466
https://github.com/swiss-knife-xyz/swiss-knife,swiss-knife-xyz,swiss-knife,swiss-knife-xyz/swiss-knife,All your EVM tools in one place!,https://swiss-knife.xyz,TypeScript,229,4,77,48,7940,master,False,False,False,True,False,False,MIT,2024-01-18T10:36:15Z,2026-03-09T15:27:20Z,2026-03-09T15:27:15Z,,77,,,23,594,257,0,5.25,3,99.8,2540678,"{""TypeScript"": 2536348, ""JavaScript"": 3849, ""CSS"": 481}",0,,False,2,0,69,8,package.json,npm,1,337,117,5,False,False,False,False,False,False,4326,257,1,11,0,0,32,50,False,False,False,False,785,3,0.3362,0.2685,0.027158,0.7626,25.83,9.96,36821.42,0.7567
https://github.com/axiom-crypto/snark-verifier,axiom-crypto,snark-verifier,axiom-crypto/snark-verifier,,,Rust,106,2,39,4,1451,main,True,False,False,False,False,False,Apache-2.0,2022-10-09T19:30:19Z,2026-02-20T15:10:01Z,2025-08-25T04:38:01Z,,150,privacy-ethereum/snark-verifier,privacy-ethereum/snark-verifier,9,212,9,0,0.0,2,87.4,540819,"{""Rust"": 472624, ""Solidity"": 68195}",7,2025-08-06T15:06:36Z,True,36,22,0,0,Cargo.toml,cargo,1,80,29,5,True,False,False,False,False,False,665,60,1,12,0,0,0,0,False,False,False,False,1250,200,0.3679,0.0,0.0,0.75,23.56,11.78,540819.0,0.1696
https://github.com/risc0/risc0-ethereum,risc0,risc0-ethereum,risc0/risc0-ethereum,Integration of the RISC Zero verifiable compute platform with Ethereum and EVM chains.,https://risczero.com,Rust,219,17,98,9,7145,main,False,False,False,False,True,False,Apache-2.0,2024-02-05T21:39:54Z,2026-03-13T12:49:28Z,2026-02-23T03:18:28Z,"cryptography,ethereum,foundry,rust,solidity,web3,zero-knowledge",98,,,52,371,129,0,0.25,4,52.7,431535,"{""Rust"": 227240, ""Solidity"": 170762, ""Shell"": 23084, ""Python"": 10449}",32,2025-11-06T22:18:08Z,True,76,72,0,0,Cargo.toml,cargo,1,121,47,5,True,False,False,False,False,False,1598,43,25,22,0,0,86,62,False,False,False,False,766,18,0.4475,0.0,0.0,0.3554,7.13,4.21,431535.0,0.4843
https://github.com/dl-solarity/solidity-lib,dl-solarity,solidity-lib,dl-solarity/solidity-lib,Solarity Solidity Library,https://solarity.dev,Solidity,392,6,43,3,2814,master,False,False,False,True,False,True,MIT,2022-05-03T11:49:01Z,2026-02-09T07:56:54Z,2026-02-02T11:45:25Z,"bitcoin,cryptography,ethereum,library,smart-contracts,solarity,solidity,zkp",43,,,21,346,74,0,0.0,4,57.6,1276304,"{""Solidity"": 735204, ""TypeScript"": 532688, ""JavaScript"": 7390, ""Shell"": 1022}",77,2025-12-19T16:06:46Z,True,4,77,3,33,package.json,npm,1,246,108,5,True,False,False,True,False,False,6969,142,61,18,0,0,25,62,False,True,False,True,1410,39,0.1097,0.0211,0.002351,0.5772,16.48,18.67,425434.67,0.2454
https://github.com/ethstaker/ethstaker-deposit-cli,ethstaker,ethstaker-deposit-cli,ethstaker/ethstaker-deposit-cli,Secure key generation for deposits,https://deposit-cli.ethstaker.cc/,Python,37,2,35,22,4704,main,True,False,False,False,True,False,CC0-1.0,2024-03-25T17:05:40Z,2026-03-11T22:44:17Z,2026-03-12T01:56:47Z,,399,ethereum/staking-deposit-cli,ethereum/staking-deposit-cli,34,1071,165,0,1.75,4,99.2,382302,"{""Python"": 379169, ""Makefile"": 1983, ""Shell"": 808, ""Dockerfile"": 342}",14,2025-05-30T15:45:21Z,True,32,15,98,0,"requirements.txt,pyproject.toml,Makefile","pip,make",2,230,65,4,True,True,True,True,False,False,3050,38,32,103,0,0,34,0,False,False,False,False,717,1,0.9459,2.5789,0.256342,0.1652,31.5,1.09,3901.04,1.4937
https://github.com/OffchainLabs/stylus-sdk-rs,OffchainLabs,stylus-sdk-rs,OffchainLabs/stylus-sdk-rs,Rust Smart Contracts on Arbitrum,,Rust,319,14,121,46,3228,main,False,False,False,True,False,False,,2023-07-11T15:56:42Z,2026-03-12T23:09:08Z,2026-03-13T02:26:35Z,,121,,,32,1196,596,0,5.5,6,92.9,856244,"{""Rust"": 795287, ""Solidity"": 38747, ""Shell"": 13435, ""Python"": 7235, ""JavaScript"": 1500, ""Go Template"": 40}",21,2026-03-10T01:37:06Z,True,82,28,0,0,Cargo.toml,cargo,1,560,178,5,True,False,False,True,True,False,5977,268,70,137,0,0,32,37,False,False,False,True,975,0,0.3793,0.0,0.0,0.4786,37.38,9.97,856244.0,1.2267
https://github.com/aestus-relay/mev-boost-relay,aestus-relay,mev-boost-relay,aestus-relay/mev-boost-relay,Flashbots mev-boost relay for proposer/builder separation in Ethereum,https://builder-relay-goerli.flashbots.net,Go,1,0,2,0,8531,main,True,False,False,False,False,False,AGPL-3.0,2022-10-30T17:16:58Z,2025-10-13T16:10:37Z,2025-10-13T16:10:30Z,,143,flashbots/mev-boost-relay,flashbots/mev-boost-relay,29,763,35,0,0.0,6,94.5,662345,"{""Go"": 625799, ""HTML"": 23142, ""Lua"": 6343, ""Shell"": 5369, ""Makefile"": 1040, ""Dockerfile"": 652}",0,,False,13,0,103,0,"go.mod,go.sum,Makefile","make,go",2,150,30,3,True,True,True,True,False,False,19561,62,19,11,0,0,69,0,False,False,False,False,1229,150,2.0,1.6613,0.155508,0.4133,26.31,0.03,6430.53,0.6208
https://github.com/succinctlabs/rsp,succinctlabs,rsp,succinctlabs/rsp,A minimal implementation of ZKPs of Ethereum block execution using Reth. Supports both Ethereum and OP Stack.,https://succinctlabs.github.io/rsp/,Rust,157,7,86,0,2334,main,False,False,False,False,True,False,Apache-2.0,2024-07-15T00:48:40Z,2026-03-12T23:14:55Z,2026-03-06T18:02:56Z,,86,,,24,144,62,0,0.5,4,95.9,232784,"{""Rust"": 223215, ""Dockerfile"": 4570, ""TypeScript"": 2555, ""Just"": 2444}",5,2026-02-23T00:50:07Z,True,82,15,0,0,Cargo.toml,cargo,1,111,43,5,True,True,False,False,False,False,1296,46,3,35,1,0,109,37,False,False,False,False,606,6,0.5478,0.0,0.0,0.4144,6.0,6.54,232784.0,0.2376
https://github.com/edb-rs/edb,edb-rs,edb,edb-rs/edb,EDB: The Ethereum Project Debugger,,Rust,356,5,41,11,304914,main,False,False,False,True,False,True,AGPL-3.0,2024-06-12T19:51:21Z,2026-03-12T10:41:47Z,2026-02-28T00:52:37Z,"debugger,ethereum,security,smart-contract,solidity,web3",41,,,5,298,298,0,0.5,2,99.2,2291189,"{""Rust"": 2273423, ""Shell"": 17766}",1,2025-11-14T09:39:57Z,True,8,2,0,0,Cargo.toml,cargo,1,302,56,5,True,False,False,True,False,False,5477,131,17,127,0,0,34,62,False,True,False,False,638,13,0.1152,0.0,0.0,0.4338,59.6,71.2,2291189.0,0.4671
https://github.com/0xMiden/miden-vm,0xMiden,miden-vm,0xMiden/miden-vm,STARK-based virtual machine,https://0xmiden.github.io/miden-vm/,Rust,731,23,267,189,70720,next,False,False,False,False,True,True,Apache-2.0,2021-09-10T05:08:56Z,2026-03-13T04:59:32Z,2026-03-13T12:10:13Z,"cryptography,stark,virtual-machine,zero-knowledge",267,,,105,3680,1009,0,32.25,3,99.7,5702884,"{""Rust"": 5683356, ""Makefile"": 11823, ""Shell"": 7705}",47,2026-03-04T20:28:29Z,True,30,47,0,0,"Cargo.toml,Makefile","cargo,make",2,2218,257,6,True,False,True,False,False,False,18255,384,140,64,0,0,27,75,False,True,False,True,1645,0,0.3653,0.0,0.0,0.1731,35.05,6.96,5702884.0,2.2371
https://github.com/holiman/goevmlab,holiman,goevmlab,holiman/goevmlab,Evm laboratory,,Go,303,4,61,5,96403,master,False,False,False,True,False,False,LGPL-3.0,2019-08-23T07:29:23Z,2026-03-03T02:34:20Z,2026-03-11T18:28:55Z,,61,,,17,245,34,32,0.25,2,98.3,351167,"{""Go"": 345058, ""Dockerfile"": 6109}",0,,False,17,0,50,0,"go.mod,go.sum",go,1,422,57,3,True,True,True,False,True,False,1549,82,15,27,0,0,14,42,False,False,False,False,2394,1,0.2013,0.6098,0.142382,0.1943,14.41,17.82,7023.34,0.1023
https://github.com/Cyfrin/aderyn,Cyfrin,aderyn,Cyfrin/aderyn,Solidity Static Analyzer that easily integrates into your editor,https://aderyn.cyfrin.io/overview,Rust,739,5,107,10,36877,dev,False,False,False,True,True,True,GPL-3.0,2023-08-26T14:43:32Z,2026-03-13T08:40:02Z,2026-03-08T15:26:39Z,"mcp-server,rust,solidity,static-code-analyzer",107,,,26,818,295,0,0.5,7,69.1,1606669,"{""Rust"": 1110752, ""HTML"": 277320, ""Solidity"": 209139, ""JavaScript"": 5547, ""Just"": 3444, ""Shell"": 442, ""Yul"": 25}",74,2026-01-22T11:33:44Z,True,100,100,0,0,Cargo.toml,cargo,1,1327,305,5,True,False,False,True,False,True,6223,261,191,350,0,0,64,62,False,True,False,False,929,4,0.1448,0.0,0.0,0.1967,31.46,28.42,1606669.0,0.8805
https://github.com/Commit-Boost/commit-boost-client,Commit-Boost,commit-boost-client,Commit-Boost/commit-boost-client,Commit-Boost allows Ethereum validators to safely run MEV-Boost and community-built commitment protocols,https://commit-boost.github.io/commit-boost-client/,Rust,133,6,68,40,7286,main,False,False,False,False,True,False,Apache-2.0,2024-06-04T20:04:11Z,2026-03-11T00:21:03Z,2026-03-13T01:13:22Z,,68,,,25,352,89,0,1.0,6,96.5,535246,"{""Rust"": 516416, ""Just"": 8533, ""Dockerfile"": 5710, ""Shell"": 2561, ""Go Template"": 1832, ""Standard ML"": 194}",21,2026-01-27T20:33:12Z,True,19,23,0,0,Cargo.toml,cargo,1,240,88,7,True,True,True,True,True,False,2020,90,16,76,0,0,104,75,False,True,False,False,646,0,0.5113,0.0,0.0,0.375,14.08,5.32,535246.0,0.5449
https://github.com/NethermindEth/juno,NethermindEth,juno,NethermindEth/juno,Starknet client implementation.,https://juno.nethermind.io,Go,448,10,227,50,779604,main,False,False,False,False,True,True,Apache-2.0,2022-01-18T00:22:14Z,2026-03-13T10:16:17Z,2026-03-13T11:53:37Z,"cairolang,ethereum,go,golang,juno,layer2,nubia,rest-api,starknet,starks",227,,,85,2367,481,0,13.0,6,97.8,5399728,"{""Go"": 5281957, ""Rust"": 105980, ""Makefile"": 7367, ""Dockerfile"": 2167, ""C"": 1895, ""Shell"": 362}",100,2026-03-03T20:32:07Z,True,100,100,191,0,"go.mod,go.sum,Makefile","make,go",2,1302,237,6,True,True,True,False,False,True,4470,489,300,366,0,0,31,100,True,True,False,False,1515,0,0.5067,0.3906,0.035372,0.3756,27.85,5.27,28270.83,1.5624
https://github.com/lambdaclass/ethrex,lambdaclass,ethrex,lambdaclass/ethrex,"Minimalist, stable, modular, fast, and ZK native implementation of the Ethereum protocol in Rust. L1 and L2 execution client.",http://docs.ethrex.xyz/,Rust,857,12,179,790,662357,main,False,False,False,True,True,False,Apache-2.0,2024-05-30T18:00:35Z,2026-03-13T12:48:21Z,2026-03-13T12:38:46Z,"blockchain,distributed-systems,ethereum,execution-layer,p2p,rollup,rollups,rust,zero-knowledge",179,,,79,2864,1860,0,21.0,11,86.0,5818884,"{""Rust"": 5001924, ""Solidity"": 579660, ""Python"": 80363, ""Makefile"": 65746, ""Assembly"": 62324, ""JavaScript"": 7593, ""Shell"": 7429, ""Nix"": 5887, ""Jupyter Notebook"": 5418, ""Dockerfile"": 2539, ""RenderScript"": 1}",23,2026-03-09T19:26:34Z,True,100,37,2,0,"package.json,Cargo.toml,Makefile","cargo,npm,make",3,1108,264,8,True,True,True,True,False,True,5780,481,97,162,0,0,125,87,False,True,False,True,651,0,0.2089,0.0042,0.000344,0.4341,36.25,10.85,2909442.0,4.3994
https://github.com/succinctlabs/sp1,succinctlabs,sp1,succinctlabs/sp1,SP1 is a zero‑knowledge virtual machine that proves the correct execution of programs compiled for the RISC-V architecture.,https://docs.succinct.xyz/docs/sp1/introduction,Rust,1604,35,623,57,554495,main,False,False,False,True,True,True,Apache-2.0,2023-12-05T00:54:44Z,2026-03-12T23:12:46Z,2026-03-13T02:32:49Z,"blockchain,contributor-friendly,ethereum,modular,rust,zero-knowledge",623,,,103,4014,1151,0,6.5,10,91.6,8940950,"{""Rust"": 8188119, ""Cuda"": 548418, ""Go"": 110172, ""Shell"": 32425, ""Assembly"": 25549, ""C++"": 23098, ""CMake"": 7203, ""Python"": 4579, ""Makefile"": 1247, ""C"": 140}",59,2026-02-26T21:35:39Z,True,100,100,0,0,Cargo.toml,cargo,1,1739,689,8,True,True,False,True,True,True,3403,1058,127,259,0,0,123,75,False,True,False,True,829,0,0.3884,0.0,0.0,0.6084,38.97,15.57,8940950.0,4.842
https://github.com/succinctlabs/op-succinct,succinctlabs,op-succinct,succinctlabs/op-succinct,Succinct's Production-Grade Proving Engine for the OP Stack.,https://succinctlabs.github.io/op-succinct/,Rust,210,5,127,35,719852,main,False,False,False,True,True,False,Apache-2.0,2024-06-05T21:42:53Z,2026-03-12T15:46:10Z,2026-03-12T07:35:45Z,,127,,,20,666,302,0,11.5,8,73.4,1240312,"{""Rust"": 910252, ""Solidity"": 195072, ""Go"": 95148, ""Just"": 21278, ""CSS"": 14900, ""Dockerfile"": 1602, ""JavaScript"": 1058, ""Shell"": 1002}",35,2026-03-09T04:57:06Z,True,100,73,0,0,Cargo.toml,cargo,1,352,131,4,True,True,False,True,False,False,1986,114,48,93,0,0,60,50,False,True,False,False,645,1,0.6048,0.0,0.0,0.3239,33.3,10.5,1240312.0,1.0326
https://github.com/a16z/halmos,a16z,halmos,a16z/halmos,A symbolic testing tool for EVM smart contracts,,Python,979,6,98,69,1520,main,False,False,False,True,False,False,AGPL-3.0,2022-12-12T21:28:33Z,2026-03-10T18:43:16Z,2025-08-06T19:05:39Z,,98,,,17,373,63,0,0.0,4,70.4,1021756,"{""Python"": 718897, ""Solidity"": 296742, ""Dockerfile"": 4933, ""Shell"": 1184}",34,2025-07-31T02:07:17Z,True,29,35,61,0,pyproject.toml,pip,1,219,38,4,True,True,True,True,True,True,4956,42,118,30,0,0,47,62,False,True,False,False,1186,218,0.1001,1.4524,0.059701,0.1918,21.94,57.59,16750.1,0.3145
https://github.com/EspressoSystems/jellyfish,EspressoSystems,jellyfish,EspressoSystems/jellyfish,A Rust Implementation of the PLONK ZKP System and Extensions,https://jellyfish.docs.espressosys.com,Rust,513,13,177,90,58709,main,False,False,False,True,True,False,MIT,2022-01-07T18:30:58Z,2026-03-12T12:55:07Z,2026-03-12T13:08:25Z,"plonk,rust,zero-knowledge-proofs",177,,,24,345,61,0,2.5,3,99.3,1967958,"{""Rust"": 1954417, ""Nix"": 7229, ""Shell"": 6312}",4,2022-06-22T13:46:51Z,True,53,50,0,0,"Cargo.toml,flake.nix","nix,cargo",2,189,56,5,True,False,False,False,False,True,5051,131,2,25,0,0,60,50,False,False,False,True,1525,1,0.345,0.0,0.0,0.6931,14.38,21.38,1967958.0,0.2262
https://github.com/skalenetwork/libBLS,skalenetwork,libBLS,skalenetwork/libBLS,"Solidity-compatible BLS signatures, threshold encryption, distributed key generation library in modern C++. Actively maintained and used by SKALE for consensus, distributed random number gen, inter-chain communication and protection of transactions. ",https://skale.space,C++,155,7,45,8,60413,develop,False,False,False,False,False,False,AGPL-3.0,2019-02-28T14:02:07Z,2026-02-17T17:36:20Z,2026-02-24T15:45:43Z,"bls,bls-signature,bls-signatures,bls-threshold-signatures,common-coin,cryptography,distributed-key-generation,dkg,elliptic-curves,joint-feldman,skale,skale-network,solidity,threshold-cryptography,threshold-encryption,threshold-signatures",45,,,16,1542,425,0,2.75,7,91.8,777172,"{""C++"": 713408, ""CMake"": 27077, ""Python"": 15597, ""Shell"": 11521, ""Sage"": 4553, ""JavaScript"": 3914, ""C"": 1102}",100,2026-02-17T18:00:50Z,True,8,100,0,0,CMakeLists.txt,cmake,1,199,32,3,True,False,True,True,False,True,4427,118,19,10,0,0,250,87,True,True,True,True,2569,16,0.2903,0.0,0.0,0.593,96.38,9.69,777172.0,0.6002
https://github.com/lambdaclass/lambdaworks,lambdaclass,lambdaworks,lambdaclass/lambdaworks,"lambdaworks offers implementations for both SNARKs and STARKs provers, along with the flexibility to leverage their individual components for constructing customized SNARKs.",https://lambdaclass.github.io/lambdaworks/,Rust,725,6,190,105,25311,main,False,False,False,True,True,False,Apache-2.0,2023-01-16T13:07:29Z,2026-03-11T21:17:21Z,2026-03-13T12:17:18Z,"cryptography,mathematics,zero-knowledge-proofs",190,,,64,704,140,0,4.75,7,95.8,4768421,"{""Rust"": 4570033, ""Metal"": 124708, ""Cuda"": 71409, ""Makefile"": 1706, ""C"": 344, ""Nix"": 147, ""Dockerfile"": 74}",17,2026-02-06T15:22:40Z,True,34,18,0,0,"Cargo.toml,Makefile,default.nix","nix,cargo,make",3,779,212,7,True,True,True,False,True,True,17310,538,29,59,0,1,173,62,False,False,False,True,1152,0,0.2621,0.0,0.0,0.6906,11.0,11.33,4768421.0,0.6111
https://github.com/wealdtech/ethdo,wealdtech,ethdo,wealdtech/ethdo,,,Go,319,7,121,7,2127,master,False,False,False,True,False,False,Apache-2.0,2019-11-12T15:37:55Z,2026-02-23T11:11:36Z,2025-10-14T10:23:16Z,,121,,,30,639,22,0,0.0,2,100.0,1206532,"{""Go"": 1206175, ""Dockerfile"": 357}",83,2025-10-13T14:46:21Z,True,4,100,94,0,"go.mod,go.sum",go,1,378,62,4,True,True,True,True,False,False,11388,238,116,5,0,0,0,25,False,False,False,False,2312,150,0.3793,0.395,0.077909,0.6296,21.3,10.63,12835.45,0.2764
https://github.com/dappnode/DAppNode,dappnode,DAppNode,dappnode/DAppNode,General repository of the project dappnode,,Shell,623,47,116,71,27639,master,False,False,False,True,True,False,GPL-3.0,2018-02-27T18:59:48Z,2026-03-09T08:57:36Z,2026-03-12T07:33:26Z,,116,,,23,445,42,0,1.0,2,99.7,81993,"{""Shell"": 81756, ""Dockerfile"": 237}",95,2026-03-12T07:33:26Z,True,36,100,0,0,,,0,133,22,5,True,True,True,True,False,False,12568,0,0,17,0,0,42,75,True,True,False,False,2935,1,0.1862,0.0,0.0,0.0,19.35,27.09,81993.0,0.1516
https://github.com/intellij-solidity/intellij-solidity,intellij-solidity,intellij-solidity,intellij-solidity/intellij-solidity,Solidity plugin for IntelliJ,https://intellij-solidity.dev,Kotlin,1101,21,101,21,5539,master,False,False,False,True,False,True,MIT,2017-02-21T13:26:43Z,2026-03-09T14:01:15Z,2026-02-14T01:18:11Z,"blockchain,ethereum,evm,hacktoberfest,intellij,intellij-plugin,solidity",101,,,31,727,103,0,0.25,8,85.9,832718,"{""Kotlin"": 715219, ""Solidity"": 64373, ""ANTLR"": 31822, ""Lex"": 18186, ""HTML"": 1655, ""Yul"": 564, ""Shell"": 537, ""Java"": 362}",43,2026-02-08T04:28:11Z,True,100,45,3,0,build.gradle.kts,gradle,1,759,141,10,True,False,False,False,False,True,2190,76,409,10,0,0,28,37,False,False,False,False,3307,27,0.0917,0.0395,0.003603,0.1001,23.45,35.52,277572.67,0.2198
https://github.com/ChainSafe/bls,ChainSafe,bls,ChainSafe/bls,💻 Javascript Implementation of Boneh-Lynn-Shacham Signatures,https://github.com/ethereum/eth2.0-specs/blob/v0.10.1/specs/phase0/beacon-chain.md#bls-signatures,TypeScript,106,11,24,15,1508,master,False,False,False,True,False,False,Apache-2.0,2020-02-20T19:33:41Z,2025-10-09T09:58:44Z,2025-12-04T15:30:54Z,"bls,bls-signatures,bls12-381,eth2,eth2-beacon-chain,wasm",24,,,16,503,1,0,0.0,2,95.0,87615,"{""TypeScript"": 83239, ""JavaScript"": 4376}",19,2025-07-24T16:21:45Z,True,13,21,2,33,package.json,npm,1,72,16,4,True,False,False,True,False,True,4979,28,23,12,0,0,60,50,False,False,False,False,2212,98,0.2264,0.0714,0.022827,0.3889,31.44,6.62,43807.5,0.2274
https://github.com/Plonky3/Plonky3,Plonky3,Plonky3,Plonky3/Plonky3,A toolkit for polynomial IOPs (PIOPs),,Rust,763,27,393,42,8061,main,False,False,False,False,False,True,Apache-2.0,2023-03-30T05:46:08Z,2026-03-12T15:25:00Z,2026-03-13T12:51:12Z,,393,,,105,1361,418,0,21.75,3,98.1,3724547,"{""Rust"": 3652159, ""Python"": 71121, ""Shell"": 1267}",79,2026-03-10T15:12:01Z,True,40,100,0,0,Cargo.toml,cargo,1,445,130,3,True,False,False,True,True,True,9308,331,21,45,0,0,37,37,False,False,False,False,1079,0,0.5151,0.0,0.0,0.7438,12.96,7.27,3724547.0,1.2614
https://github.com/Certora/CertoraProver,Certora,CertoraProver,Certora/CertoraProver,"The Certora Prover is the state-of-the-art security tool for automated formal verification of smart contracts running on EVM-based chains, Solana and Stellar",https://www.certora.com,Kotlin,290,3,31,25,32586,master,False,False,False,True,False,False,GPL-3.0,2025-02-23T10:47:48Z,2026-03-10T07:58:51Z,2026-03-08T14:54:35Z,"blockchain,certora,certora-prover,ethereum,formal-verification,security-tools,smart-contracts,solana,stellar,web3",31,,,25,853,851,0,8.25,17,85.6,26434922,"{""Kotlin"": 22619781, ""Python"": 1465085, ""WebAssembly"": 1077496, ""Solidity"": 609747, ""Rust"": 199019, ""JavaScript"": 102002, ""Move"": 87866, ""Vyper"": 78794, ""JSON5"": 76027, ""Lex"": 66493, ""Jinja"": 19482, ""Shell"": 11038, ""Just"": 8389, ""CSS"": 5792, ""SMT"": 5628, ""Java"": 1913, ""HTML"": 370}",37,2026-02-26T08:02:15Z,True,9,37,36,0,build.gradle.kts,gradle,1,6782,885,11,True,False,False,False,False,True,5432,1731,1051,2700,0,0,157,37,False,False,False,False,383,4,0.1069,0.0208,0.001362,0.2552,34.12,11.6,734303.39,2.2272
https://github.com/ethstaker/eth-docker,ethstaker,eth-docker,ethstaker/eth-docker,Docker automation for Ethereum nodes,,Shell,560,12,272,10,4122,main,False,False,False,True,False,False,Apache-2.0,2020-09-15T15:17:41Z,2026-03-10T17:16:56Z,2026-03-10T17:16:54Z,,272,,,82,2712,351,0,6.0,4,96.0,415635,"{""Shell"": 398840, ""Python"": 13064, ""Dockerfile"": 3516, ""JSONiq"": 215}",100,2026-03-02T13:27:51Z,True,2,100,0,0,,,0,232,45,3,True,True,False,False,False,False,1304,1,0,113,0,0,36,62,False,True,False,True,2004,2,0.4857,0.0,0.0,0.0043,33.07,6.83,415635.0,1.3533
https://github.com/supranational/blst,supranational,blst,supranational/blst,Multilingual BLS12-381 signature library,,Assembly,555,18,225,30,1906,master,False,False,False,True,False,False,Apache-2.0,2020-06-22T15:28:41Z,2026-03-12T19:15:23Z,2026-02-16T11:10:54Z,"bls-signature,bls12-381,blst,blst-library,eth2,filecoin,hash-to-curve,signatures",225,,,26,1146,60,0,2.0,16,68.0,3798799,"{""Assembly"": 2585011, ""C"": 502203, ""Go"": 204324, ""Rust"": 166659, ""Python"": 114257, ""Zig"": 58736, ""C++"": 58334, ""C#"": 47297, ""SWIG"": 34154, ""Shell"": 12116, ""TypeScript"": 6165, ""JavaScript"": 2378, ""Java"": 2220, ""Batchfile"": 2073, ""HTML"": 1534, ""Makefile"": 1338}",18,2025-09-19T18:13:17Z,True,1,20,0,0,go.mod,go,1,247,23,3,True,False,False,False,False,False,15681,63,5,15,0,0,40,50,False,False,False,False,2089,25,0.4054,0.0,0.0,0.2551,44.08,21.35,3798799.0,0.5486
https://github.com/wighawag/hardhat-deploy,wighawag,hardhat-deploy,wighawag/hardhat-deploy,hardhat deployment plugin,https://rocketh.dev/hardhat-deploy/,TypeScript,1263,11,320,1,5807,main,False,False,False,True,True,True,MIT,2020-03-19T15:42:44Z,2026-03-13T12:33:03Z,2026-03-11T12:41:29Z,"deployment,ethereum,hardhat,solidity",320,,,92,1134,226,220,4.0,3,60.7,134335,"{""TypeScript"": 81524, ""Solidity"": 34926, ""JavaScript"": 17885}",0,,False,4,100,0,7,package.json,npm,1,175,76,5,True,False,False,False,False,False,7416,70,11,28,0,0,25,42,False,False,False,False,2184,2,0.2534,0.0,0.0,0.4,12.33,13.73,134335.0,0.5192
https://github.com/libp2p/libp2p,libp2p,libp2p,libp2p/libp2p,A modular and extensible networking stack which solves many challenges of peer-to-peer applications.,https://libp2p.io,,2974,104,288,42,5726,master,False,False,False,False,False,True,MIT,2016-06-18T17:01:46Z,2026-03-13T12:12:12Z,2025-11-03T18:24:35Z,,288,,,19,69,9,0,0.0,0,0.0,0,,0,,False,7,0,0,0,,,0,30,4,2,True,False,False,False,False,False,8224,0,0,4,0,0,100,37,False,False,False,False,3554,129,0.0968,0.0,0.0,0.0,3.63,156.53,0.0,0.0194
https://github.com/ethereum/js-ethereum-cryptography,ethereum,js-ethereum-cryptography,ethereum/js-ethereum-cryptography,Audited pure JS library containing all Ethereum-related cryptographic primitives,https://npmjs.com/package/ethereum-cryptography,TypeScript,758,18,112,1,2216,main,False,False,False,False,False,False,MIT,2019-09-25T21:32:13Z,2026-03-09T22:33:00Z,2025-12-12T07:32:31Z,"aes,bip32,bls12-381,bn254,cryptography,ethereum,keccak,prng,ripemd160,scrypt,secp256k1,sha256,sha3,typescript",112,,,12,386,12,0,0.0,3,96.3,218531,"{""TypeScript"": 210510, ""JavaScript"": 7280, ""Shell"": 741}",25,2025-04-25T14:32:09Z,True,5,26,5,16,package.json,npm,1,76,11,3,True,False,False,True,False,False,20483,28,25,14,0,0,80,37,False,False,False,False,2360,91,0.1478,0.1786,0.02288,0.3684,32.17,63.17,43706.2,0.1636
https://github.com/flashbots/mev-boost-relay,flashbots,mev-boost-relay,flashbots/mev-boost-relay,MEV-Boost Relay for Ethereum proposer/builder separation (PBS),https://boost-relay.flashbots.net,Go,492,31,143,58,8547,main,False,False,False,False,False,False,AGPL-3.0,2022-05-20T10:50:47Z,2026-03-12T10:32:28Z,2026-03-02T18:01:03Z,"blockchain,ethereum,mev,mev-boost,pbs",143,,,26,625,27,0,0.5,5,95.0,622417,"{""Go"": 591440, ""HTML"": 24000, ""Shell"": 5369, ""Makefile"": 946, ""Dockerfile"": 662}",32,2025-11-12T15:14:40Z,True,25,100,98,0,"go.mod,go.sum,Makefile","make,go",2,146,29,3,True,True,True,True,False,False,19561,60,18,11,0,0,62,87,True,True,False,True,1393,10,0.2907,1.6333,0.157451,0.411,24.04,18.92,6351.19,0.4487
https://github.com/flashbots/mev-boost,flashbots,mev-boost,flashbots/mev-boost,MEV-Boost allows Ethereum validators to source high-MEV blocks from a competitive builder marketplace,https://boost.flashbots.net,Go,1410,46,281,76,3091,develop,False,False,False,False,False,True,MIT,2021-11-17T18:55:22Z,2026-03-11T09:58:11Z,2026-02-23T16:48:55Z,"ethereum,mev,mev-boost",281,,,46,525,36,0,0.0,4,98.7,292698,"{""Go"": 289003, ""Makefile"": 1942, ""Shell"": 1201, ""Dockerfile"": 552}",38,2026-02-23T16:50:40Z,True,16,100,65,0,"go.mod,go.sum,Makefile","make,go",2,73,15,2,True,True,True,True,False,False,15948,22,14,14,0,0,101,87,True,True,False,True,1576,17,0.1993,2.9545,0.222072,0.3014,11.41,30.65,4503.05,0.3331
https://github.com/taikoxyz/taiko-mono,taikoxyz,taiko-mono,taikoxyz/taiko-mono,Taiko Alethia based rollup protocol 🥁 ,https://taiko.xyz,Rust,4579,138,2281,108,291979,main,False,False,False,False,True,False,NOASSERTION,2022-07-28T04:22:58Z,2026-03-13T11:34:40Z,2026-03-13T11:36:43Z,"based,ethereum,layer2,rollup,taiko,zk",2281,,,303,4265,1151,0,21.0,16,38.8,10341774,"{""Rust"": 4007940, ""Svelte"": 2041293, ""Go"": 1592398, ""Solidity"": 1526580, ""TypeScript"": 773035, ""MDX"": 123858, ""JavaScript"": 120436, ""CSS"": 65898, ""Shell"": 52202, ""Astro"": 17164, ""HTML"": 5788, ""TeX"": 4897, ""Dockerfile"": 3360, ""Python"": 2848, ""Makefile"": 2790, ""Just"": 1287}",51,2026-03-03T14:46:50Z,True,100,55,302,2,"package.json,go.mod,go.sum","npm,go",2,2613,728,9,True,True,False,False,False,False,4697,1204,345,221,0,0,38,75,True,True,False,False,1324,0,0.4981,0.2508,0.029202,0.4608,14.08,15.11,34244.28,3.2213
https://github.com/Vectorized/solady,Vectorized,solady,Vectorized/solady,Optimized Solidity snippets.,,Solidity,3281,40,461,46,7401,main,False,False,False,True,True,True,MIT,2022-07-16T23:39:24Z,2026-03-12T17:07:04Z,2025-12-30T14:22:49Z,"erc1155,erc20,erc721,ethereum,inline-assembly,solidity",461,,,64,1641,102,84,0.0,3,96.9,4307265,"{""Solidity"": 4172759, ""Python"": 90100, ""JavaScript"": 44406}",16,2025-08-25T09:56:19Z,True,10,100,0,0,package.json,npm,1,409,49,5,True,False,True,True,False,False,8668,150,143,11,0,0,28,57,False,False,False,True,1335,72,0.1405,0.0,0.0,0.3667,25.64,51.27,4307265.0,1.2292
https://github.com/Consensys/gnark-crypto,Consensys,gnark-crypto,Consensys/gnark-crypto,"gnark-crypto provides elliptic curve and pairing-based cryptography on BN, BLS12, BLS24 and BW6 curves. It also provides various algorithms (algebra, crypto) of particular interest to zero knowledge proof systems",,Go,589,13,227,62,42004,master,False,False,False,False,False,True,Apache-2.0,2020-03-23T16:43:31Z,2026-03-11T13:26:53Z,2026-03-13T00:58:39Z,"biginteger,bls12-377,bls12-381,bn254,crypto,cryptography,ecc,eddsa,elliptic-curves,finite-field-arithmetic,fri,go,golang,hash-to-curve,mimc,pairing,snark,zkp,zksnark",227,,,39,2449,102,0,1.75,4,43.7,3876958,"{""Go"": 1694268, ""Go Template"": 1168638, ""Assembly"": 988652, ""Sage"": 25400}",29,2026-03-11T13:28:23Z,True,64,43,19,0,"go.mod,go.sum",go,1,1844,327,7,True,False,False,True,False,False,7148,1064,418,47,0,0,212,87,True,True,False,True,2180,0,0.3854,0.0179,0.004901,0.577,62.79,15.1,204050.42,1.1234
https://github.com/l2beat/l2beat,l2beat,l2beat,l2beat/l2beat,L2BEAT is an analytics and research website about Ethereum layer two (L2) scaling solutions.,https://l2beat.com,TypeScript,649,14,624,52,726051,main,False,False,False,False,True,False,MIT,2021-03-24T14:18:55Z,2026-03-13T11:48:48Z,2026-03-13T12:17:38Z,"ethereum,layer-2,research",624,,,329,10367,3717,0,68.25,9,99.4,12802992,"{""TypeScript"": 12721115, ""CSS"": 31389, ""Shell"": 12390, ""Solidity"": 10971, ""Dockerfile"": 7709, ""Python"": 5472, ""Answer Set Programming"": 5394, ""HTML"": 4373, ""JavaScript"": 4179}",0,,False,100,0,0,14,package.json,npm,1,7833,2493,10,True,True,True,False,False,False,1544,3119,440,1461,0,0,92,50,False,True,False,False,1814,0,0.9615,0.0,0.0,0.3982,31.51,1.97,12802992.0,5.715
https://github.com/protofire/solhint,protofire,solhint,protofire/solhint,Solhint is an open-source project to provide a linting utility for Solidity code.,https://protofire.github.io/solhint/,JavaScript,1118,19,197,7,3652,develop,False,False,False,True,True,True,MIT,2017-10-16T11:48:44Z,2026-03-11T17:46:56Z,2026-03-11T15:58:46Z,"ast,code-quality,dapp,developer-tools,ethereum,linter,security-scanner,smart-contracts,solhint,solidity",197,,,71,1677,261,0,4.5,4,93.9,787220,"{""JavaScript"": 739537, ""Solidity"": 46647, ""Shell"": 916, ""Dockerfile"": 120}",39,2026-01-20T14:29:08Z,True,59,60,18,17,package.json,npm,1,513,182,8,True,True,True,True,False,False,13300,250,98,59,0,0,81,50,False,True,False,False,3070,1,0.1762,0.072,0.022865,0.4873,23.62,15.75,43734.44,0.5463
https://github.com/paulmillr/noble-curves,paulmillr,noble-curves,paulmillr/noble-curves,Audited & minimal JS implementation of elliptic curve cryptography.,https://paulmillr.com/noble,TypeScript,890,12,86,7,18551,main,False,False,False,False,False,True,MIT,2022-12-03T10:08:21Z,2026-03-09T10:33:04Z,2026-01-13T01:04:38Z,"bitcoin,bls12-381,bn254,crypto,cryptography,ecdsa,ed25519,ed448,eddsa,elliptic-curve-cryptography,elliptic-curves,ethereum,noble,oprf,p256,p384,p521,ristretto255,secp256k1,x448",86,,,23,984,356,348,0.0,3,91.6,871494,"{""TypeScript"": 798373, ""JavaScript"": 72620, ""Go"": 501}",44,2025-09-22T15:37:33Z,True,3,45,1,5,package.json,npm,1,204,22,4,True,False,False,True,False,True,42217,21,45,112,0,0,67,57,False,False,False,False,1196,59,0.0966,0.0476,0.001147,0.1029,42.78,38.7,871494.0,0.8227
https://github.com/flashbots/rbuilder,flashbots,rbuilder,flashbots/rbuilder,"rbuilder is a blazingly fast, state of the art Ethereum MEV-Boost block builder written in Rust",,Rust,531,16,193,94,19712,develop,False,False,False,True,False,False,Apache-2.0,2024-07-01T07:26:00Z,2026-03-12T17:07:08Z,2026-03-13T12:25:13Z,,193,,,58,573,289,0,2.25,7,98.1,2581885,"{""Rust"": 2532003, ""Python"": 21974, ""Shell"": 9935, ""Makefile"": 8289, ""HTML"": 5762, ""Solidity"": 3113, ""CSS"": 809}",39,2026-03-09T16:31:04Z,True,98,51,0,0,"Cargo.toml,Makefile","cargo,make",2,406,127,6,True,True,True,True,True,True,12878,250,49,42,0,0,95,75,False,True,False,True,620,0,0.3635,0.0,0.0,0.6158,9.88,9.16,2581885.0,0.9242
https://github.com/arkworks-rs/algebra,arkworks-rs,algebra,arkworks-rs/algebra,"Libraries for finite field, elliptic curve, and polynomial arithmetic",https://arkworks.rs,Rust,850,20,379,207,4185,master,False,False,False,True,False,True,Apache-2.0,2020-09-07T19:54:55Z,2026-03-12T15:15:40Z,2026-02-16T01:52:52Z,"cryptography,elliptic-curves,finite-fields,pairings,polynomials,rust",379,,,105,890,47,0,0.0,6,94.9,1855904,"{""Rust"": 1760864, ""Sage"": 77092, ""Jupyter Notebook"": 12100, ""Python"": 3638, ""Shell"": 1694, ""Makefile"": 516}",1,2021-06-06T17:41:00Z,True,40,13,0,0,Cargo.toml,cargo,1,744,257,6,True,False,True,True,False,False,4841,409,113,61,0,0,69,75,False,True,False,True,2012,25,0.4459,0.0,0.0,0.5497,8.48,8.1,1855904.0,0.4423
https://github.com/herumi/mcl,herumi,mcl,herumi/mcl,a portable and fast pairing-based cryptography library,,C++,520,16,169,2,8413,master,False,False,False,False,False,False,BSD-3-Clause,2015-05-05T00:18:39Z,2026-03-12T19:16:24Z,2026-03-05T01:47:00Z,"cryptography,pairing",169,,,20,4027,176,171,0.25,14,50.4,3664186,"{""C++"": 1847714, ""LLVM"": 710561, ""Assembly"": 600389, ""Python"": 204272, ""C"": 73983, ""C#"": 64928, ""Java"": 49711, ""CMake"": 39224, ""Go"": 36486, ""Makefile"": 27996, ""Batchfile"": 5671, ""Shell"": 1934, ""SWIG"": 1207, ""JavaScript"": 110}",0,,False,2,100,0,0,"go.mod,CMakeLists.txt,Makefile","make,cmake,go",3,293,38,5,True,False,False,True,False,True,14255,158,56,1,1,0,54,57,False,True,False,False,3965,8,0.325,0.0,0.0,0.5392,201.35,26.0,3664186.0,1.0156
https://github.com/LFDT-web3j/web3j,LFDT-web3j,web3j,LFDT-web3j/web3j,Lightweight Java and Android library for integration with Ethereum clients,https://www.web3labs.com/web3j-sdk,Java,5386,214,1762,136,11780,main,False,False,False,True,False,True,NOASSERTION,2016-09-04T05:48:49Z,2026-03-11T09:30:45Z,2026-01-28T16:57:48Z,"android,blockchain,ether,ethereum,java,reactivex,rxjava,smart-contract-tools,smart-contracts,solidity",1762,,,225,2527,164,0,0.0,5,98.9,3774741,"{""Java"": 3732346, ""Solidity"": 32623, ""Shell"": 8415, ""Dockerfile"": 1001, ""JavaScript"": 356}",100,2026-01-21T18:35:57Z,True,100,100,0,0,build.gradle,gradle,1,1063,412,11,True,True,False,True,False,False,9828,576,193,58,0,0,74,87,True,True,False,True,3477,43,0.3271,0.0,0.0,0.5419,11.23,23.94,3774741.0,0.7268
https://github.com/ethereum/py_ecc,ethereum,py_ecc,ethereum/py_ecc,Python implementation of ECC pairing and bn_128 and bls12_381 curve operations,,Python,224,17,87,39,748,main,False,False,False,True,False,False,MIT,2017-07-15T13:47:42Z,2026-03-12T13:01:15Z,2025-12-17T20:35:00Z,"altbn128,ecc,ethereum,secpk256k1",87,,,25,586,17,0,0.0,3,97.9,198608,"{""Python"": 194529, ""Makefile"": 3480, ""Shell"": 599}",3,2020-10-28T08:24:15Z,True,1,27,186,0,"setup.py,pyproject.toml,Makefile","pip,make",2,83,20,3,True,False,True,True,False,False,866,37,15,8,0,0,78,62,False,True,False,True,3162,85,0.3884,5.027,0.936518,0.4458,23.44,8.96,1067.78,0.1853
https://github.com/lambdaclass/lambda_ethereum_consensus,lambdaclass,lambda_ethereum_consensus,lambdaclass/lambda_ethereum_consensus,"Elixir implementation of an Ethereum consensus client, which offers high reliance & fault tolerance",,Elixir,108,7,42,140,10132,main,False,False,False,False,False,True,Apache-2.0,2023-07-10T15:31:02Z,2026-03-04T18:51:54Z,2026-03-13T02:18:04Z,"consensus-client,eth2,ethereum",42,,,24,823,44,0,0.0,7,87.6,1103957,"{""Elixir"": 967448, ""Rust"": 83512, ""Go"": 34910, ""Makefile"": 12755, ""Dockerfile"": 3355, ""Nix"": 1764, ""Shell"": 213}",1,2025-04-24T21:12:54Z,True,26,1,35,0,"mix.exs,Makefile,flake.nix","elixir,nix,make",3,428,105,5,True,True,True,True,False,True,19108,199,52,61,0,0,99,87,False,True,False,True,976,0,0.3889,0.1759,0.031704,0.465,34.29,4.5,31541.63,0.8432
https://github.com/sigp/lighthouse,sigp,lighthouse,sigp/lighthouse,Ethereum consensus client in Rust,https://lighthouse.sigmaprime.io/,Rust,3412,69,979,492,154272,stable,False,False,False,True,False,False,Apache-2.0,2018-07-06T07:56:39Z,2026-03-12T08:47:38Z,2026-03-12T09:53:35Z,"eth2,ethereum,proof-of-stake",979,,,225,7275,565,0,3.25,7,99.4,11910716,"{""Rust"": 11844959, ""Shell"": 30289, ""Makefile"": 15863, ""Python"": 10772, ""TeX"": 7292, ""Dockerfile"": 1485, ""CSS"": 56}",100,2026-03-09T09:53:50Z,True,45,100,0,0,"Cargo.toml,Makefile","cargo,make",2,1247,336,6,True,True,False,True,False,True,3188,641,237,170,0,0,33,75,False,True,False,True,2807,1,0.2869,0.0,0.0,0.514,32.33,15.16,11910716.0,2.5917
https://github.com/otterscan/otterscan,otterscan,otterscan,otterscan/otterscan,"A blazingly fast, local, Ethereum block explorer built on top of Erigon",https://otterscan.io,TypeScript,1405,16,210,135,104056,develop,False,False,False,False,False,True,MIT,2021-07-01T18:22:12Z,2026-03-10T13:59:03Z,2026-02-02T19:16:20Z,"blockchain,blockexplorer,ethereum",210,,,15,2813,153,0,0.0,6,98.0,809004,"{""TypeScript"": 793148, ""Solidity"": 5845, ""Dockerfile"": 4419, ""CSS"": 3235, ""Shell"": 1378, ""HTML"": 979}",40,2025-11-06T23:20:21Z,True,63,46,45,20,package.json,npm,1,467,55,5,True,True,True,False,False,False,4077,372,26,35,1,0,71,37,False,False,False,False,1715,38,0.1495,0.121,0.055624,0.7966,187.53,93.67,17977.87,1.6402
https://github.com/hyperledger/besu,hyperledger,besu,besu-eth/besu,"An enterprise-grade Java-based, Apache 2.0 licensed Ethereum client https://wiki.hyperledger.org/display/besu",https://www.hyperledger.org/projects/besu,Java,1780,56,1021,211,105970,main,False,False,False,True,False,False,Apache-2.0,2019-09-04T21:11:20Z,2026-03-12T23:12:57Z,2026-03-12T23:12:52Z,"besu,blockchain,ethereum,java,p2p",1021,,,250,6599,893,0,35.25,5,99.7,23460399,"{""Java"": 23394394, ""Shell"": 48375, ""Solidity"": 11916, ""Dockerfile"": 5671, ""Batchfile"": 43}",100,2026-03-05T03:39:28Z,True,86,100,5,0,build.gradle,gradle,1,5944,1544,15,True,True,True,True,False,True,3920,2477,1573,1630,0,0,109,87,True,True,True,True,2381,0,0.5736,0.002,0.000213,0.4167,26.4,7.12,4692079.8,2.7715
https://github.com/ethereum/web3.py,ethereum,web3.py,ethereum/web3.py,A python interface for interacting with the Ethereum blockchain and ecosystem.,http://web3py.readthedocs.io,Python,5498,120,1703,132,32050,main,False,False,False,False,False,False,MIT,2016-04-14T15:59:35Z,2026-03-11T21:42:38Z,2026-02-03T22:56:27Z,,1703,,,274,5236,124,0,0.0,5,98.7,2787303,"{""Python"": 2750656, ""Solidity"": 31521, ""Makefile"": 3638, ""Shell"": 1212, ""Dockerfile"": 276}",0,,False,7,100,219,0,"setup.py,pyproject.toml,Makefile","pip,make",2,450,66,4,True,True,True,True,False,True,1883,174,198,13,0,0,78,62,False,True,False,True,3619,37,0.3097,1.2586,0.078571,0.3867,19.11,20.07,12727.41,1.4468
https://github.com/eth-infinitism/account-abstraction,eth-infinitism,account-abstraction,eth-infinitism/account-abstraction,,,TypeScript,1883,37,817,4,3961,develop,False,False,False,True,False,False,GPL-3.0,2022-01-24T15:01:07Z,2026-03-12T23:13:06Z,2026-01-25T19:41:37Z,,817,,,27,438,12,0,0.0,4,55.4,430799,"{""TypeScript"": 238850, ""Solidity"": 187151, ""JavaScript"": 3109, ""Shell"": 1689}",6,2025-11-16T16:51:31Z,True,39,9,0,40,package.json,npm,1,128,22,3,True,False,False,True,False,False,5185,50,44,13,0,0,0,25,False,False,False,False,1508,46,0.4339,0.0,0.0,0.3906,16.22,69.74,430799.0,0.2905
https://github.com/smartcontracts/simple-optimism-node,smartcontracts,simple-optimism-node,smartcontracts/simple-optimism-node,The easiest way to run an Optimism node,,Shell,416,9,170,20,239,main,False,False,False,True,False,False,MIT,2022-05-27T17:54:24Z,2026-03-02T09:45:33Z,2026-03-02T09:45:28Z,,170,,,9,234,23,0,0.5,1,100.0,10020,"{""Shell"": 10020}",3,2025-03-18T16:46:15Z,True,2,3,0,0,,,0,40,21,4,True,True,False,False,False,False,7315,0,0,27,0,0,39,42,False,False,False,False,1385,11,0.4087,0.0,0.0,0.0,26.0,46.22,10020.0,0.169
https://github.com/ipsilon/evmone,ipsilon,evmone,ipsilon/evmone,Fast Ethereum Virtual Machine implementation,,C++,974,29,329,129,9672,master,False,False,False,False,True,True,Apache-2.0,2018-12-05T16:37:26Z,2026-03-11T08:22:44Z,2026-03-09T21:34:58Z,"blockchain,ethereum,ethereum-virtual-machine,evm,evmc,hacktoberfest",329,,,27,2615,287,0,3.25,8,91.9,1365918,"{""C++"": 1254705, ""CMake"": 91855, ""C"": 12640, ""Python"": 4583, ""Go Template"": 1312, ""Dockerfile"": 447, ""Shell"": 196, ""GDB"": 180}",25,2026-03-04T20:41:56Z,True,100,25,0,0,CMakeLists.txt,cmake,1,309,46,5,False,True,True,True,False,True,5313,56,142,26,0,0,44,37,False,False,False,False,2654,3,0.3378,0.0,0.0,0.1812,96.85,36.07,1365918.0,0.9853
https://github.com/ethpandaops/ethereum-package,ethpandaops,ethereum-package,ethpandaops/ethereum-package,"A Kurtosis package that deploys a private, portable, and modular Ethereum devnet",,Starlark,454,10,326,44,8285,main,False,False,False,True,False,True,MIT,2022-10-27T14:32:05Z,2026-03-11T15:39:44Z,2026-03-11T13:52:35Z,"blockchain,docker,ethereum,flashbots,geth,kubernetes,kurtosis,kurtosis-package,lighthouse,mev,mev-boost,mev-bot,reth,simulation,starlark,testing",326,,,77,1202,293,0,3.75,5,94.5,818633,"{""Starlark"": 773321, ""Go Template"": 31511, ""Shell"": 8542, ""HTML"": 2721, ""Python"": 2538}",27,2026-01-05T11:46:51Z,True,30,42,0,0,,,0,372,180,4,True,True,True,False,True,False,83464,2,0,133,1,0,80,50,False,False,False,False,1232,1,0.7181,0.0,0.0,0.0054,15.61,5.9,818633.0,0.9756
https://github.com/DefiLlama/chainlist,DefiLlama,chainlist,DefiLlama/chainlist,,https://chainlist.org,JavaScript,2955,165,3387,91,15868,main,False,False,False,True,False,False,GPL-3.0,2022-03-06T08:47:28Z,2026-03-13T00:52:27Z,2026-03-12T09:31:00Z,,3387,,,461,2307,633,0,13.0,4,99.3,594775,"{""JavaScript"": 590581, ""Shell"": 4131, ""CSS"": 59, ""HTML"": 4}",0,,False,81,0,13,4,package.json,npm,1,402,35,3,True,False,False,True,False,False,1216,359,1,13,0,0,0,37,False,False,False,True,1468,1,1.1462,0.0362,0.021857,0.893,5.0,6.41,45751.92,1.5715
